iteration,iter_seed,gene_fraction,cell_fraction,noise_std,gene_pool,n_genes_pool,n_genes_sampled
0,43,0.8,0.8,0.0,marker_panel,445,356
1,10043,0.8,0.8,0.0,marker_panel,445,356
2,20043,0.8,0.8,0.0,marker_panel,445,356
3,30043,0.8,0.8,0.0,marker_panel,445,356
4,40043,0.8,0.8,0.0,marker_panel,445,356
5,50043,0.8,0.8,0.0,marker_panel,445,356
6,60043,0.8,0.8,0.0,marker_panel,445,356
7,70043,0.8,0.8,0.0,marker_panel,445,356
8,80043,0.8,0.8,0.0,marker_panel,445,356
9,90043,0.8,0.8,0.0,marker_panel,445,356
10,100043,0.8,0.8,0.0,marker_panel,445,356
11,110043,0.8,0.8,0.0,marker_panel,445,356
12,120043,0.8,0.8,0.0,marker_panel,445,356
13,130043,0.8,0.8,0.0,marker_panel,445,356
14,140043,0.8,0.8,0.0,marker_panel,445,356
15,150043,0.8,0.8,0.0,marker_panel,445,356
16,160043,0.8,0.8,0.0,marker_panel,445,356
17,170043,0.8,0.8,0.0,marker_panel,445,356
18,180043,0.8,0.8,0.0,marker_panel,445,356
19,190043,0.8,0.8,0.0,marker_panel,445,356
20,200043,0.8,0.8,0.0,marker_panel,445,356
21,210043,0.8,0.8,0.0,marker_panel,445,356
22,220043,0.8,0.8,0.0,marker_panel,445,356
23,230043,0.8,0.8,0.0,marker_panel,445,356
24,240043,0.8,0.8,0.0,marker_panel,445,356
25,250043,0.8,0.8,0.0,marker_panel,445,356
26,260043,0.8,0.8,0.0,marker_panel,445,356
27,270043,0.8,0.8,0.0,marker_panel,445,356
28,280043,0.8,0.8,0.0,marker_panel,445,356
29,290043,0.8,0.8,0.0,marker_panel,445,356
30,300043,0.8,0.8,0.0,marker_panel,445,356
31,310043,0.8,0.8,0.0,marker_panel,445,356
32,320043,0.8,0.8,0.0,marker_panel,445,356
33,330043,0.8,0.8,0.0,marker_panel,445,356
34,340043,0.8,0.8,0.0,marker_panel,445,356
35,350043,0.8,0.8,0.0,marker_panel,445,356
36,360043,0.8,0.8,0.0,marker_panel,445,356
37,370043,0.8,0.8,0.0,marker_panel,445,356
38,380043,0.8,0.8,0.0,marker_panel,445,356
39,390043,0.8,0.8,0.0,marker_panel,445,356
40,400043,0.8,0.8,0.0,marker_panel,445,356
41,410043,0.8,0.8,0.0,marker_panel,445,356
42,420043,0.8,0.8,0.0,marker_panel,445,356
43,430043,0.8,0.8,0.0,marker_panel,445,356
44,440043,0.8,0.8,0.0,marker_panel,445,356
45,450043,0.8,0.8,0.0,marker_panel,445,356
46,460043,0.8,0.8,0.0,marker_panel,445,356
47,470043,0.8,0.8,0.0,marker_panel,445,356
48,480043,0.8,0.8,0.0,marker_panel,445,356
49,490043,0.8,0.8,0.0,marker_panel,445,356
